fund_id,moneydj_code,子頁,表格,欄位名稱,抓到的值,是否成功
barings_plb22,AY01,績效,,淨值日期,最新淨值 | 漲跌幅% | 自今年以 來報酬率(%) | 年化 標準差 | Sharpe | Beta,✅
barings_plb22,AY01,配息,,配息基準日,除息日 | 發放日 | 狀態 | 每單位分配金額 | 年化配息率% | 幣別 | 備註,✅
barings_plb22,AY01,報酬比較,,,今年起 | 一個月 | 三個月 | 六個月 | 一年 | 二年 | 三年,✅
barings_plb22,AY01,風險評比,報酬率比較表,,年平均報酬率 | Sharpe | Beta | 標準差,✅
barings_plb22,AY01,風險評比,-年報酬率比較表,,2025 | 2024 | 2023 | 2022 | 2021,✅
barings_plb22,AY01,風險評比,-年報酬率比較表,年化標準差,N/A | N/A | N/A | N/A | N/A,✗
barings_plb22,AY01,風險評比,-年報酬率比較表,Beta,N/A | N/A | N/A | N/A | N/A,✗
barings_plb22,AY01,風險評比,-年報酬率比較表,Sharpe Ratio,N/A | N/A | N/A | N/A | N/A,✗
barings_plb22,AY01,風險評比,-年報酬率比較表,Treynor Index,N/A | N/A | N/A | N/A | N/A,✗
barings_plb22,AY01,風險評比,-年報酬率比較表,Jensen Ratio,N/A | N/A | N/A | N/A | N/A,✗
barings_plb22,AY01,風險評比,-年報酬率比較表,Informaton Ratio,N/A | N/A | N/A | N/A | N/A,✗
barings_plb24,AY02,績效,,淨值日期,最新淨值 | 漲跌幅% | 自今年以 來報酬率(%) | 年化 標準差 | Sharpe | Beta,✅
barings_plb24,AY02,配息,,配息基準日,除息日 | 發放日 | 狀態 | 每單位分配金額 | 年化配息率% | 幣別 | 備註,✅
barings_plb24,AY02,報酬比較,,,今年起 | 一個月 | 三個月 | 六個月 | 一年 | 二年 | 三年,✅
barings_plb24,AY02,風險評比,報酬率比較表,,年平均報酬率 | Sharpe | Beta | 標準差,✅
barings_plb24,AY02,風險評比,-年報酬率比較表,,2025 | 2024 | 2023 | 2022 | 2021,✅
barings_plb24,AY02,風險評比,-年報酬率比較表,年化標準差,N/A | N/A | N/A | N/A | N/A,✗
barings_plb24,AY02,風險評比,-年報酬率比較表,Beta,N/A | N/A | N/A | N/A | N/A,✗
barings_plb24,AY02,風險評比,-年報酬率比較表,Sharpe Ratio,N/A | N/A | N/A | N/A | N/A,✗
barings_plb24,AY02,風險評比,-年報酬率比較表,Treynor Index,N/A | N/A | N/A | N/A | N/A,✗
barings_plb24,AY02,風險評比,-年報酬率比較表,Jensen Ratio,N/A | N/A | N/A | N/A | N/A,✗
barings_plb24,AY02,風險評比,-年報酬率比較表,Informaton Ratio,N/A | N/A | N/A | N/A | N/A,✗
barings_plb15,BQ07,績效,,淨值日期,最新淨值 | 漲跌幅% | 自今年以 來報酬率(%) | 年化 標準差 | Sharpe | Beta,✅
barings_plb15,BQ07,配息,,配息基準日,除息日 | 發放日 | 狀態 | 每單位分配金額 | 年化配息率% | 幣別 | 備註,✅
barings_plb15,BQ07,報酬比較,,,今年起 | 一個月 | 三個月 | 六個月 | 一年 | 二年 | 三年,✅
barings_plb15,BQ07,風險評比,報酬率比較表,,年平均報酬率 | Sharpe | Beta | 標準差,✅
barings_plb15,BQ07,風險評比,-年報酬率比較表,,2025 | 2024 | 2023 | 2022 | 2021,✅
barings_plb15,BQ07,風險評比,-年報酬率比較表,年化標準差,N/A | N/A | N/A | N/A | N/A,✗
barings_plb15,BQ07,風險評比,-年報酬率比較表,Beta,N/A | N/A | N/A | N/A | N/A,✗
barings_plb15,BQ07,風險評比,-年報酬率比較表,Sharpe Ratio,N/A | N/A | N/A | N/A | N/A,✗
barings_plb15,BQ07,風險評比,-年報酬率比較表,Treynor Index,N/A | N/A | N/A | N/A | N/A,✗
barings_plb15,BQ07,風險評比,-年報酬率比較表,Jensen Ratio,N/A | N/A | N/A | N/A | N/A,✗
barings_plb15,BQ07,風險評比,-年報酬率比較表,Informaton Ratio,N/A | N/A | N/A | N/A | N/A,✗
barings_plb04,BQ01,績效,,淨值日期,最新淨值 | 漲跌幅% | 自今年以 來報酬率(%) | 年化 標準差 | Sharpe | Beta,✅
barings_plb04,BQ01,配息,,配息基準日,除息日 | 發放日 | 狀態 | 每單位分配金額 | 年化配息率% | 幣別 | 備註,✅
barings_plb04,BQ01,報酬比較,,,今年起 | 一個月 | 三個月 | 六個月 | 一年 | 二年 | 三年,✅
barings_plb04,BQ01,風險評比,報酬率比較表,,年平均報酬率 | Sharpe | Beta | 標準差,✅
barings_plb04,BQ01,風險評比,-年報酬率比較表,,2025 | 2024 | 2023 | 2022 | 2021,✅
barings_plb04,BQ01,風險評比,-年報酬率比較表,年化標準差,N/A | N/A | N/A | N/A | N/A,✗
barings_plb04,BQ01,風險評比,-年報酬率比較表,Beta,N/A | N/A | N/A | N/A | N/A,✗
barings_plb04,BQ01,風險評比,-年報酬率比較表,Sharpe Ratio,N/A | N/A | N/A | N/A | N/A,✗
barings_plb04,BQ01,風險評比,-年報酬率比較表,Treynor Index,N/A | N/A | N/A | N/A | N/A,✗
barings_plb04,BQ01,風險評比,-年報酬率比較表,Jensen Ratio,N/A | N/A | N/A | N/A | N/A,✗
barings_plb04,BQ01,風險評比,-年報酬率比較表,Informaton Ratio,N/A | N/A | N/A | N/A | N/A,✗
_live_control,HHZ50,基本資料,,基金名稱,駿利亨德森遠見基金-日本小型公司基金I2美元避險,✅
_live_control,HHZ50,基本資料,,英文名稱,Janus Henderson Horizon Fund - Japanese Smaller Companies Fund I2 HUSD,✅
_live_control,HHZ50,基本資料,,境外發行公司,駿利亨德森遠見基金 | 註冊地 | 盧森堡,✅
_live_control,HHZ50,基本資料,,台灣總代理,野村投信 | 計價幣別 | 美元,✅
_live_control,HHZ50,基本資料,,成立日期,2016/11/14 | 總代理基金生效日 | 2022/08/01,✅
_live_control,HHZ50,基本資料,,基金核准生效日,2020/03/04 | 國人投資比重 | 1.10% (2026/05),✅
_live_control,HHZ50,基本資料,,基金規模,"62,280.00 百萬日圓(2026/5/31) | 投資區域 | 日本",✅
_live_control,HHZ50,基本資料,,基金類型,單一國家型基金 | 風險報酬等級 | RR4,✅
_live_control,HHZ50,基本資料,,投資標的,中小型股 | 基金評等,✅
_live_control,HHZ50,基本資料,,最高經理費(%),1 | 經理人 | Yunyoung Lee,✅
_live_control,HHZ50,基本資料,,最高銷售費(%),單一報價 | Y,✅
_live_control,HHZ50,基本資料,,最高保管費(%),0.65 | 配息頻率,✅
_live_control,HHZ50,基本資料,,傘型架構,Y | 是否為ESG ESG為環境保護（E，Environment）、社會責任（S，Social）以及公司（G，governance）的縮寫， 為一種評估企業的數據與指標，ESG代表的是企業社會責任，也是評估一間企業是否永續經營重要之指標。 ESG資料來源為境外基金觀測站及基金公司。,✅
_live_control,HHZ50,基本資料,,保管機構,"BNP Paribas, Luxembourg Branch",✅
_live_control,HHZ50,基本資料,備註,淨值日期,淨值 | 最高淨值(年) | 最低淨值(年),✅
_live_control,HHZ50,基本資料,備註,2026/06/25,222.0300 | 222.03 | 132.11,✅
_live_control,HHZ50,基本資料,備註,報酬率日期,本月以來(%) | 本季以來(%) | 今年以來(%),✅
_live_control,HHZ50,基本資料,備註,2026/06/25,2.81 | 27.52 | 34.20,✅
_live_control,HHZ50,基本資料,備註,文件下載,"財報 / 公開說明書 / 投資人須知
 ( 專屬 ， 一般 )
 / 基金月報",✅
_live_control,HHZ50,基本資料,備註,指標指數,羅素/野村小型企業指數Russell/Nomura Small Cap Index,✅
_live_control,HHZ50,基本資料,備註,投資策略,本基金旨在提供長期資本增長。本基金投資至少其淨資產之三分之二主要投資於註冊於日本或其絕大部分之收入及/或利潤來自日本之營運之小型資本公司（無論任何產業）之股權或股權相關工具。,✅
_live_control,HHZ50,基本資料,備註,銷售機構,野村證券投資信託股份有限公司,✅
_live_control,HHZ50,基本資料,備註,投資人服務及保護,短線交易 / 公平價格調整機制 / 反稀釋機制,✅
_live_control,HHZ50,績效,,淨值日期,最新淨值 | 漲跌幅% | 自今年以 來報酬率(%) | 年化 標準差 | Sharpe | Beta,✅
_live_control,HHZ50,績效,,2026/06/25,222.03 | 2.34 | 34.20 | 14.42 | 1.06 | 0.62,✅
_live_control,HHZ50,績效,駿利亨德森遠見基金-日本小型公司基金I2美元避險,報酬率(%)(06/25),一個月 | 三個月 | 六個月 | 一年 | 二年 | 三年 | 五年 | 十年 | 成立日,✅
_live_control,HHZ50,績效,駿利亨德森遠見基金-日本小型公司基金I2美元避險,單筆申購(原幣),7.84 | 24.07 | 35.47 | 68.06 | 84.53 | 115.81 | 160.02 | N/A | 344.06,✅
_live_control,HHZ50,績效,駿利亨德森遠見基金-日本小型公司基金I2美元避險,定期定額(原幣),7.84 | 16.75 | 21.68 | 36.83 | 59.87 | 73.85 | 106.18 | N/A | 177.15,✅
_live_control,HHZ50,績效,駿利亨德森遠見基金-日本小型公司基金I2美元避險,單筆申購(台幣),9.10 | 23.62 | 36.99 | 82.04 | 81.07 | 122.20 | 196.62 | N/A | 342.48,✅
_live_control,HHZ50,績效,駿利亨德森遠見基金-日本小型公司基金I2美元避險,定期定額(台幣),8.76 | 17.30 | 22.67 | 41.24 | 60.81 | 74.69 | 115.44 | N/A | 191.16,✅
_live_control,HHZ50,績效,駿利亨德森遠見基金-日本小型公司基金I2美元避險,單筆申購(年化),147.50 | 136.98 | 83.51 | 68.06 | 35.84 | 29.23 | 21.06 | N/A | 16.83,✅
_live_control,HHZ50,績效,駿利亨德森遠見基金-日本小型公司基金I2美元避險,定期定額(年化),147.50 | 85.81 | 48.05 | 36.83 | 26.44 | 20.24 | 15.57 | N/A | 11.22,✅
_live_control,HHZ50,績效,,近五年年報酬率,2025 | 2024 | 2023 | 2022 | 2021,✅
_live_control,HHZ50,績效,,年報酬率(%) (原幣/台幣),34.98/29.74 | 8.77/15.86 | 25.53/25.47 | 6.05/17.70 | 14.70/11.41,✅
_live_control,HHZ50,績效,,指標指數漲跌幅(%),26.16 | 19.65 | 28.37 | -9.30 | 5.05,✅
_live_control,HHZ50,績效,,差額,8.82 | -10.88 | -2.84 | 15.35 | 9.66,✅
_live_control,HHZ50,績效,過去三年內三個月最佳最差報酬率,,最佳 (原幣) | 期間 | 最差 (原幣) | 期間 | 最佳 (台幣) | 期間 | 最差 (台幣) | 期間,✅
_live_control,HHZ50,績效,過去三年內三個月最佳最差報酬率,駿利亨德森遠見基金-日本小型公司基金I2美元避險,22.18 | 2025/11/27~ 2026/02/27 | -2.19 | 2024/07/31~ 2024/10/31 | 21.84 | 2025/11/27~ 2026/02/27 | -5.38 | 2025/03/28~ 2025/06/30,✅
_live_control,HHZ50,績效,過去三年內三個月最佳最差報酬率,日經(1321.JP),28.40 | 2025/07/31~ 2025/10/31 | -9.91 | 2024/12/30~ 2025/03/31 | -- | -- | -- | --,✅
_live_control,HHZ50,績效,,近一年各月報酬率,2026 | 2025,✅
_live_control,HHZ50,績效,,5,4 | 3 | 2 | 1 | 12 | 11 | 10 | 9 | 8 | 7 | 6,✅
_live_control,HHZ50,績效,,月報酬率(%),13.85 | 8.95 | -10.27 | 14.32 | 2.60 | 3.10 | 5.44 | 1.38 | 3.41 | 2.38 | 5.65 | 2.37,✅
_live_control,HHZ50,績效,,指標指數漲跌幅(%),11.81 | 15.91 | -12.50 | 10.34 | 5.87 | 0.38 | -4.17 | 16.64 | 5.78 | 4.06 | -0.14 | 6.45,✅
_live_control,HHZ50,績效,,差額,2.04 | -6.96 | 2.23 | 3.97 | -3.27 | 2.71 | 9.61 | -15.26 | -2.38 | -1.68 | 5.80 | -4.08,✅
_live_control,HHZ50,持股,,產業,投資金額(日圓  ：以萬元為單位) | 比例(%),✅
_live_control,HHZ50,持股,,工業,"1,718,928.00 | 27.60",✅
_live_control,HHZ50,持股,,基礎原物料,"1,581,912.00 | 25.40",✅
_live_control,HHZ50,持股,,非必需性消費品,"990,252.00 | 15.90",✅
_live_control,HHZ50,持股,,科技,"554,292.00 | 8.90",✅
_live_control,HHZ50,持股,,金融,"467,100.00 | 7.50",✅
_live_control,HHZ50,持股,,必需性消費品,"255,348.00 | 4.10",✅
_live_control,HHZ50,持股,,醫療保健,"255,348.00 | 4.10",✅
_live_control,HHZ50,持股,,現金,"168,156.00 | 2.70",✅
_live_control,HHZ50,持股,,其他,"137,016.00 | 2.20",✅
_live_control,HHZ50,持股,,公用事業,"93,420.00 | 1.50",✅
_live_control,HHZ50,配息,,配息基準日,除息日 | 發放日 | 狀態 | 每單位分配金額 | 年化配息率% | 幣別 | 備註,✅
_live_control,HHZ50,報酬比較,,,今年起 | 一個月 | 三個月 | 六個月 | 一年 | 二年 | 三年,✅
_live_control,HHZ50,報酬比較,,駿利亨德森遠見基金-日本小型公司基金I2美元避險,34.20 | 7.84 | 24.07 | 35.47 | 68.06 | 84.53 | 115.81,✅
_live_control,HHZ50,報酬比較,,同類型的平均,26.56 | 2.18 | 14.43 | 26.82 | 45.20 | 62.40 | 72.23,✅
_live_control,HHZ50,報酬比較,,同類型的排名,5/26 | 2/26 | 3/26 | 4/26 | 1/26 | 3/26 | 4/26,✅
_live_control,HHZ50,報酬比較,,同投資區域平均,18.04 | 1.97 | 11.24 | 17.89 | 39.17 | 49.00 | 72.21,✅
_live_control,HHZ50,報酬比較,,同投資區域排名,5/153 | 2/154 | 3/153 | 4/153 | 5/153 | 4/146 | 17/142,✅
_live_control,HHZ50,報酬比較,,同投資標的平均,13.18 | 2.12 | 11.84 | 12.90 | 21.78 | 30.18 | 43.98,✅
_live_control,HHZ50,報酬比較,,同投資標的排名,7/168 | 6/168 | 5/168 | 6/168 | 1/168 | 3/165 | 4/165,✅
_live_control,HHZ50,報酬比較,,年份,駿利亨德森遠見基金-日本小型公司基金I2美元避險 | 同類型平均,✅
_live_control,HHZ50,報酬比較,,2025,34.98 | 24.66,✅
_live_control,HHZ50,報酬比較,,2024,8.77 | 5.22,✅
_live_control,HHZ50,報酬比較,,2023,25.53 | 12.34,✅
_live_control,HHZ50,風險評比,駿利亨德森遠見基金-日本小型公司基金I2美元避險,項目(06/25),六個月 | 一年 | 三年 | 五年 | 十年,✅
_live_control,HHZ50,風險評比,駿利亨德森遠見基金-日本小型公司基金I2美元避險,標準差,19.53 | 14.42 | 11.78 | 12.41 | N/A,✅
_live_control,HHZ50,風險評比,駿利亨德森遠見基金-日本小型公司基金I2美元避險,Sharpe,0.93 | 1.06 | 0.62 | 0.44 | N/A,✅
_live_control,HHZ50,風險評比,駿利亨德森遠見基金-日本小型公司基金I2美元避險,Alpha,0.74 | 1.11 | 0.95 | 0.66 | N/A,✅
_live_control,HHZ50,風險評比,駿利亨德森遠見基金-日本小型公司基金I2美元避險,Beta,0.69 | 0.62 | 0.51 | 0.58 | N/A,✅
_live_control,HHZ50,風險評比,駿利亨德森遠見基金-日本小型公司基金I2美元避險,R-squared,0.83 | 0.70 | 0.61 | 0.67 | N/A,✅
_live_control,HHZ50,風險評比,駿利亨德森遠見基金-日本小型公司基金I2美元避險,與指數相關係數,0.9131 | 0.8368 | 0.7797 | 0.8161 | N/A,✅
_live_control,HHZ50,風險評比,駿利亨德森遠見基金-日本小型公司基金I2美元避險,Tracking Error,11.31 | 10.92 | 11.37 | 10.19 | N/A,✅
_live_control,HHZ50,風險評比,駿利亨德森遠見基金-日本小型公司基金I2美元避險,Variance,31.79 | 17.33 | 11.55 | 12.83 | N/A,✅
_live_control,HHZ50,風險評比,報酬率比較表,,年平均報酬率 | Sharpe | Beta | 標準差,✅
_live_control,HHZ50,風險評比,報酬率比較表,駿利亨德森遠見基金-日本小型公司基金I2美元避險,68.06 | 1.06 | 0.62 | 14.42,✅
_live_control,HHZ50,風險評比,報酬率比較表,同投資類型平均,44.73 | 0.66 | 0.55 | 17.25,✅
_live_control,HHZ50,風險評比,報酬率比較表,同投資類型排名,1/26 | 1/26 | 13/26 | 20/26,✅
_live_control,HHZ50,風險評比,報酬率比較表,同投資區域平均,38.59 | 0.62 | 0.53 | 14.87,✅
_live_control,HHZ50,風險評比,報酬率比較表,同投資區域排名,4/153 | 3/153 | 44/153 | 93/153,✅
_live_control,HHZ50,風險評比,報酬率比較表,同投資標的平均,21.04 | 0.35 | 0.81 | 15.22,✅
_live_control,HHZ50,風險評比,報酬率比較表,同投資標的排名,1/168 | 1/168 | 146/168 | 103/168,✅
_live_control,HHZ50,風險評比,駿利亨德森遠見基金-日本小型公司基金I2美元避險-年報酬率比較表,,2025 | 2024 | 2023 | 2022 | 2021,✅
_live_control,HHZ50,風險評比,駿利亨德森遠見基金-日本小型公司基金I2美元避險-年報酬率比較表,年化標準差,6.66 | 7.75 | 8.48 | 10.79 | 11.60,✅
_live_control,HHZ50,風險評比,駿利亨德森遠見基金-日本小型公司基金I2美元避險-年報酬率比較表,Beta,0.01 | 0.30 | 0.40 | 0.47 | 0.67,✅
_live_control,HHZ50,風險評比,駿利亨德森遠見基金-日本小型公司基金I2美元避險-年報酬率比較表,Sharpe Ratio,1.2730 | 0.2796 | 0.7558 | 0.1544 | 0.3500,✅
_live_control,HHZ50,風險評比,駿利亨德森遠見基金-日本小型公司基金I2美元避險-年報酬率比較表,Treynor Index,445.0320 | 2.0688 | 4.6020 | 1.0294 | 1.7567,✅
_live_control,HHZ50,風險評比,駿利亨德森遠見基金-日本小型公司基金I2美元避險-年報酬率比較表,Jensen Ratio,2.4348 | 0.1752 | 1.0113 | 0.8358 | 0.8851,✅
_live_control,HHZ50,風險評比,駿利亨德森遠見基金-日本小型公司基金I2美元避險-年報酬率比較表,Informaton Ratio,0.3971 | 0.1407 | 0.6179 | 0.4833 | 0.4334,✅
_live_control,HHZ50,淨值,,淨值日期,最新淨值 | 每日變化 | 最高淨值(年) | 最低淨值(年),✅
_live_control,HHZ50,淨值,,2026/06/25,222.0300 | 5.0700 | 222.0300 | 132.1100,✅
_live_control,HHZ50,淨值,,日期,淨值 | 漲跌幅,✅
_live_control,HHZ50,淨值,,06/25,222.0300 | 2.34%,✅
_live_control,HHZ50,淨值,,06/24,216.9600 | 2.10%,✅
_live_control,HHZ50,淨值,,06/22,221.6200 | 0.95%,✅
_live_control,HHZ50,淨值,,06/19,219.5400 | 0.04%,✅
_live_control,HHZ50,淨值,,06/18,219.4600 | 0.41%,✅
_live_control,HHZ50,淨值,,06/17,218.5600 | 1.61%,✅
_live_control,HHZ50,淨值,,06/16,215.0900 | 0.10%,✅
_live_control,HHZ50,淨值,,06/15,214.8700 | 2.53%,✅
_live_control,HHZ50,淨值,,06/12,209.5700 | 0.61%,✅
_live_control,HHZ50,淨值,,06/11,208.3000 | 0.20%,✅
_live_control,HHZ50,淨值,,06/10,207.8900 | 1.89%,✅
_live_control,HHZ50,淨值,,06/09,211.9000 | 1.47%,✅
_live_control,HHZ50,淨值,,06/08,208.8400 | 2.36%,✅
_live_control,HHZ50,淨值,,06/05,213.8800 | 0.35%,✅
_live_control,HHZ50,淨值,,06/04,213.1300 | 0.21%,✅
_live_control,HHZ50,淨值,,日期,淨值 | 漲跌幅,✅
_live_control,HHZ50,淨值,,06/03,213.5700 | 0.87%,✅
_live_control,HHZ50,淨值,,06/02,211.7200 | 1.70%,✅
_live_control,HHZ50,淨值,,06/01,215.3800 | 0.27%,✅
_live_control,HHZ50,淨值,,05/29,215.9700 | 2.04%,✅
_live_control,HHZ50,淨值,,05/28,211.6500 | 0.85%,✅
_live_control,HHZ50,淨值,,05/27,209.8600 | 0.95%,✅
_live_control,HHZ50,淨值,,05/26,211.8800 | 2.91%,✅
_live_control,HHZ50,淨值,,05/22,205.8800 | 1.60%,✅
_live_control,HHZ50,淨值,,05/21,202.6300 | 1.89%,✅
_live_control,HHZ50,淨值,,05/20,198.8700 | 0.75%,✅
_live_control,HHZ50,淨值,,05/19,200.3800 | 0.79%,✅
_live_control,HHZ50,淨值,,05/18,198.8000 | 0.91%,✅
_live_control,HHZ50,淨值,,05/15,197.0100 | 0.74%,✅
_live_control,HHZ50,淨值,,05/13,198.4700 | 0.62%,✅
_live_control,HHZ50,淨值,,05/12,197.2400 | 0.34%,✅
